Player_Name,Matches,Runs,Batting_Avg,Strike_Rate,Wickets,Economy
A Ashish Reddy,23,0.03229154653442509,0.17643352236925017,0.4761904761904762,0.08144796380090498,0.06666666666666667
A Badoni,46,0.1110598546880406,0.30340264650283555,0.4337837837837838,0.01809954751131222,0.11428571428571428
A Chandila,2,0.0004613078076346442,0.028985507246376812,0.19047619047619047,0.0497737556561086,0.04700854700854701
A Chopra,6,0.006112328451159036,0.1280193236714976,0.23555555555555557,0.0,0.0
A Choudhary,3,0.0028831737977165262,0.12077294685990339,0.4166666666666667,0.022624434389140274,0.046296296296296294
A Dananjaya,1,0.0004613078076346442,0.057971014492753624,0.26666666666666666,0.0,0.0
A Flintoff,3,0.007150271018336985,0.2995169082125604,0.3625730994152047,0.00904977375565611,0.030303030303030304
A Kamboj,6,0.0018452312305385769,0.03864734299516908,0.35555555555555557,0.04524886877828055,0.050505050505050504
A Kumble,15,0.0040364433168031365,0.03381642512077295,0.2380952380952381,0.20361990950226247,0.04577822990844353
A Manohar,20,0.03367546995732903,0.21159420289855072,0.4005486968449932,0.0,0.0
A Mhatre,7,0.027678468458078653,0.4968944099378882,0.6106870229007634,0.0,0.0
A Mishra,55,0.043939568677199864,0.10039525691699605,0.2886363636363637,0.7873303167420815,0.050522648083623695
A Mithun,6,0.003921116364894475,0.0821256038647343,0.43589743589743596,0.031674208144796386,0.022435897435897433
A Mukund,2,0.00219121208626456,0.13768115942028986,0.2753623188405797,0.0,0.0
A Nehra,17,0.004728405028255103,0.03495311167945439,0.21693121693121692,0.4796380090497738,0.05369807497467072
A Nortje,13,0.005651020643524391,0.054626532887402456,0.32026143790849676,0.27601809954751133,0.05341506129597197
A Raghuvanshi,18,0.053396378733710066,0.37278582930756843,0.4734151329243354,0.0,0.0
A Singh,5,0.0002306539038173221,0.005797101449275362,0.06666666666666667,0.12669683257918554,0.05761316872427983
A Symonds,36,0.11232845115903586,0.392109500805153,0.4157063593683313,0.0904977375565611,0.037037037037037035
A Tomar,1,0.0004613078076346442,0.057971014492753624,0.16666666666666669,0.0,0.0
A Uniyal,2,0.0004613078076346442,0.028985507246376812,0.19047619047619047,0.00904977375565611,0.052631578947368425
A Zampa,5,0.0017299042786299158,0.043478260869565216,0.2,0.14027149321266968,0.06526315789473683
AA Bilakhia,7,0.007957559681697613,0.14285714285714288,0.26136363636363635,0.0,0.0
AA Chavan,3,0.0013839234229039326,0.057971014492753624,0.36363636363636365,0.03619909502262444,0.03137254901960784
AA Jhunjhunwala,15,0.02502594856417945,0.20966183574879227,0.3318042813455658,0.004524886877828055,0.011363636363636364
AA Kulkarni,2,0.0010379425671779494,0.06521739130434782,0.375,0.0,0.0
AA Noffke,1,0.0010379425671779494,0.13043478260869565,0.25,0.004524886877828055,0.039999999999999994
AB Agarkar,18,0.02064352439165033,0.14412238325281804,0.3729166666666666,0.13122171945701358,0.03536585365853659
AB Barath,3,0.004843731980163764,0.2028985507246377,0.3255813953488372,0.0,0.0
AB Dinda,16,0.0029985007496251873,0.02355072463768116,0.17333333333333334,0.31221719457013575,0.0434235368156073
AB McDonald,9,0.01418521508476531,0.19806763285024154,0.39805825242718446,0.0497737556561086,0.05851063829787234
AB de Villiers,170,0.5975089378387729,0.44168797953964195,0.49526813880126186,0.0,0.0
AC Blizzard,7,0.013839234229039326,0.2484472049689441,0.43956043956043955,0.0,0.0
AC Gilchrist,80,0.2386114634990197,0.37481884057971016,0.4435155412647374,0.004524886877828055,1.0
AC Thomas,4,0.002306539038173221,0.07246376811594203,0.3508771929824561,0.06334841628959277,0.04281345565749235
AC Voges,7,0.02087417829546765,0.3747412008281574,0.421911421911422,0.0,0.0
AD Hales,6,0.017068388882481834,0.35748792270531404,0.41456582633053224,0.0,0.0
AD Mascarenhas,11,0.009110829200784223,0.10408432147562582,0.33333333333333337,0.08597285067873305,0.06129032258064516
AD Mathews,41,0.0834967131818706,0.255920820077766,0.40289371174179195,0.12217194570135748,0.03345724907063197
AD Nath,10,0.010379425671779494,0.13043478260869565,0.30303030303030304,0.0,0.0
AD Russell,114,0.3061930573174951,0.33752860411899316,0.5442804428044281,0.5565610859728507,0.06525198938992041
AF Milne,6,0.002652519893899204,0.05555555555555556,0.24731182795698925,0.031674208144796386,0.03225806451612903
AG Murtaza,3,0.0011532695190866105,0.04830917874396135,0.2380952380952381,0.04072398190045249,0.03345724907063197
AG Paunikar,5,0.005651020643524391,0.14202898550724638,0.2677595628415301,0.0,0.0
AJ Finch,90,0.24126398339291893,0.33687600644122384,0.4111635220125786,0.004524886877828055,0.022727272727272728
AJ Hosein,1,0.0018452312305385769,0.2318840579710145,0.4848484848484849,0.004524886877828055,0.041666666666666664
AJ Turner,6,0.002767846845807865,0.057971014492753624,0.2580645161290323,0.0,0.0
AJ Tye,13,0.010494752623688156,0.10144927536231885,0.3839662447257384,0.1900452488687783,0.058823529411764705
AK Markram,55,0.1660708107484719,0.37944664031620556,0.4391582799634035,0.027149321266968326,0.031413612565445025
AL Menaria,23,0.04624610771537308,0.2526780088216761,0.36421435059037244,0.013574660633484163,0.02654867256637168
AM Nayar,50,0.07749971168262022,0.19478260869565217,0.38095238095238093,0.04072398190045249,0.03765690376569037
AM Rahane,183,0.5803252220043824,0.39851112695018615,0.405839180579079,0.004524886877828055,0.16666666666666666
AN Ahmed,6,0.0041517702687117975,0.08695652173913043,0.4444444444444444,0.05429864253393665,0.03314917127071823
AN Ghosh,2,0.0008072886633606274,0.050724637681159424,0.2916666666666667,0.0,0.0
AP Dole,2,0.003921116364894475,0.2463768115942029,0.49275362318840576,0.022624434389140274,0.0684931506849315
AP Majumdar,4,0.010033444816053512,0.31521739130434784,0.37662337662337664,0.0,0.0
AP Tare,27,0.0390958366970361,0.1819645732689211,0.39649122807017545,0.0,0.0
AR Bawne,1,0.0013839234229039326,0.17391304347826086,0.33333333333333337,0.0,0.0
AR Patel,123,0.22096643985699457,0.22575704017909745,0.4289232146854713,0.579185520361991,0.037970928507861164
AS Joseph,5,0.0031138277015338484,0.0782608695652174,0.28125,0.09502262443438915,0.046255506607929514
AS Rajpoot,7,0.0029985007496251873,0.053830227743271224,0.21138211382113822,0.1085972850678733,0.042328042328042326
AS Raut,16,0.022373428670280245,0.17572463768115942,0.3759689922480621,0.0,0.0
AS Roy,7,0.0029985007496251873,0.053830227743271224,0.3466666666666667,0.027149321266968326,0.03592814371257485
AS Yadav,6,0.005651020643524391,0.11835748792270531,0.4083333333333334,0.0,0.0
AT Carey,3,0.0036904624610771537,0.15458937198067632,0.367816091954023,0.0,0.0
AT Rayudu,185,0.5014415868988583,0.34061887974931454,0.41528175740210127,0.0,0.0
AU Rashid,2,0.002537192941990543,0.15942028985507248,0.43137254901960786,0.00904977375565611,0.03333333333333333
AUK Pathan,7,0.004497751124437781,0.08074534161490683,0.5,0.0,0.0
Abdul Basith,1,0.00011532695190866105,0.014492753623188406,0.33333333333333337,0.0,0.0
Abdul Samad,51,0.08568792526813516,0.21113952827507815,0.4894598155467721,0.00904977375565611,0.03508771929824561
Abdur Razzak,1,0.0,0.0,0.0,0.0,0.0
Abhishek Sharma,74,0.20943374466612846,0.3556600078339209,0.5187089403027707,0.0497737556561086,0.03188405797101449
Abishek Porel,29,0.07623111521162496,0.33033483258370816,0.485315712187959,0.0,0.0
Akash Deep,5,0.0028831737977165262,0.07246376811594203,0.5952380952380953,0.04524886877828055,0.03311258278145695
Akash Madhwal,2,0.0009226156152692884,0.057971014492753624,0.19047619047619047,0.1085972850678733,0.06382978723404255
Aman Hakim Khan,10,0.013262599469496022,0.16666666666666666,0.3516819571865443,0.0,0.0
Aniket Verma,12,0.02721716065044401,0.285024154589372,0.5315315315315315,0.0,0.0
Anirudh Singh,4,0.007265597970245646,0.2282608695652174,0.30434782608695654,0.0,0.0
Ankit Sharma,10,0.010033444816053512,0.12608695652173912,0.4202898550724638,0.05429864253393665,0.032
Ankit Soni,3,0.0008072886633606274,0.03381642512077295,0.2592592592592593,0.00904977375565611,0.017857142857142856
Anmolpreet Singh,9,0.016030446315303887,0.22383252818035426,0.39601139601139607,0.0,0.0
Anuj Rawat,21,0.03667397070695422,0.2194616977225673,0.3840579710144928,0.0,0.0
Anureet Singh,8,0.0041517702687117975,0.06521739130434782,0.25531914893617025,0.08144796380090498,0.04186046511627906
Arjun Tendulkar,1,0.0014992503748125937,0.18840579710144928,0.48148148148148145,0.013574660633484163,0.03614457831325301
Arshad Khan,10,0.013723907277130666,0.17246376811594202,0.44074074074074077,0.05429864253393665,0.04152249134948097
Arshad Khan (2),1,0.0005766347595433052,0.07246376811594203,0.4166666666666667,0.0,0.0
Arshdeep Singh,13,0.0035751355091684926,0.03455964325529543,0.21527777777777782,0.4389140271493213,0.0532967032967033
Ashutosh Sharma,18,0.04532349210010379,0.3164251207729468,0.51171875,0.0,0.0
Atharva Taide,10,0.029985007496251874,0.37681159420289856,0.46099290780141855,0.0,0.0
Avesh Khan,13,0.007150271018336985,0.06911928651059086,0.5299145299145299,0.3981900452488688,0.05225653206650831
Azhar Mahmood,21,0.04474685734056049,0.26777087646652864,0.41586280814576637,0.13122171945701358,0.05253623188405797
Azmatullah Omarzai,9,0.011417368238957445,0.15942028985507248,0.42857142857142866,0.05429864253393665,0.039999999999999994
B Akhil,11,0.00876484834505824,0.10013175230566534,0.4444444444444444,0.027149321266968326,0.031088082901554407
B Chipli,21,0.03229154653442509,0.1932367149758454,0.36458333333333337,0.0,0.0
B Indrajith,3,0.002421865990081882,0.10144927536231885,0.22580645161290322,0.0,0.0
B Kumar,71,0.036904624610771534,0.06531945294958155,0.29304029304029305,0.8959276018099548,0.04522613065326633
B Laughlin,4,0.0005766347595433052,0.018115942028985508,0.12820512820512822,0.04524886877828055,0.0558659217877095
B Lee,19,0.01430054203667397,0.09458428680396644,0.40522875816993464,0.11312217194570137,0.027292576419213975
B Sai Sudharsan,40,0.20678122477222927,0.6496376811594203,0.46729215532968466,0.0,0.0
B Stanlake,1,0.0005766347595433052,0.07246376811594203,0.8333333333333334,0.031674208144796386,0.04666666666666667
B Sumanth,4,0.0040364433168031365,0.12681159420289856,0.30701754385964913,0.0,0.0
BA Bhatt,2,0.0006919617114519663,0.043478260869565216,0.2857142857142857,0.05429864253393665,0.0396039603960396
BA Stokes,43,0.10783070003459809,0.3151331311088642,0.4340761374187559,0.12669683257918554,0.03872752420470263
BAW Mendis,3,0.00034598085572598315,0.014492753623188406,0.16666666666666669,0.03619909502262444,0.03225806451612903
BB McCullum,109,0.33237227540076114,0.38319372423879805,0.4228286384976526,0.0,0.0
BB Samantray,8,0.014415868988582633,0.22644927536231885,0.35919540229885066,0.0,0.0
BB Sran,7,0.0011532695190866105,0.020703933747412008,0.2380952380952381,0.08144796380090498,0.03488372093023256
BCJ Cutting,17,0.027447814554261332,0.2028985507246377,0.54337899543379,0.04524886877828055,0.034722222222222224
BE Hendricks,2,0.00011532695190866105,0.007246376811594203,0.1111111111111111,0.04072398190045249,0.057324840764331204
BJ Haddin,1,0.0020758851343558988,0.2608695652173913,0.5454545454545455,0.0,0.0
BJ Hodge,63,0.1614577326721255,0.322061191626409,0.4047412546978896,0.07692307692307693,0.07142857142857142
BJ Rohrer,8,0.022258101718371583,0.3496376811594203,0.4406392694063927,0.0,0.0
BKG Mendis,1,0.002306539038173221,0.2898550724637681,0.6060606060606061,0.0,0.0
BMAJ Mendis,3,0.002652519893899204,0.11111111111111112,0.28395061728395066,0.004524886877828055,0.03333333333333333
BR Dunk,3,0.004613078076346442,0.1932367149758454,0.3703703703703704,0.0,0.0
BR Sharath,1,0.0002306539038173221,0.028985507246376812,0.13333333333333333,0.0,0.0
Basil Thampi,7,0.0036904624610771537,0.06625258799171842,0.2882882882882883,0.0995475113122172,0.04081632653061225
Bipul Sharma,17,0.02156614000691962,0.15942028985507248,0.5026881720430108,0.07692307692307693,0.03899082568807339
C Bosch,2,0.005420366739707069,0.34057971014492755,0.48958333333333337,0.004524886877828055,0.02222222222222222
C Green,28,0.08153615499942336,0.36594202898550726,0.49929378531073443,0.07239819004524888,0.03463203463203463
C Madan,1,0.0017299042786299158,0.21739130434782608,0.2380952380952381,0.0,0.0
C Munro,11,0.020412870487833006,0.23320158102766797,0.40972222222222227,0.0,0.0
C Nanda,1,0.0,0.0,0.0,0.00904977375565611,0.039999999999999994
C Sakariya,7,0.002306539038173221,0.041407867494824016,0.21505376344086022,0.0904977375565611,0.04175365344467641
C de Grandhomme,21,0.0349440664283243,0.20910973084886128,0.44104803493449785,0.027149321266968326,0.026086956521739126
CA Ingram,15,0.023642025141275516,0.19806763285024154,0.37340619307832423,0.0,0.0
CA Lynn,42,0.15326951908661055,0.458592132505176,0.4548254620123204,0.0,0.0
CA Pujara,22,0.04497751124437781,0.25691699604743085,0.32258064516129037,0.0,0.0
CH Gayle,141,0.5762887786875793,0.5136190769863296,0.4737390974592341,0.08144796380090498,0.03082191780821918
CH Morris,49,0.07127205627955253,0.18278615794143743,0.4987893462469734,0.4343891402714932,0.05330372015546918
CJ Anderson,29,0.06204590012685965,0.2688655672163918,0.41131498470948014,0.0497737556561086,0.03492063492063492
CJ Ferguson,8,0.011302041287048783,0.17753623188405798,0.2745098039215686,0.0,0.0
CJ Jordan,12,0.009341483104601546,0.09782608695652174,0.33333333333333337,0.13574660633484165,0.04184100418410042
CJ McKay,1,0.0009226156152692884,0.11594202898550725,0.17777777777777778,0.004524886877828055,0.023809523809523808
CK Kapugedera,3,0.0018452312305385769,0.07729468599033816,0.2222222222222222,0.0,0.0
CK Langeveldt,2,0.0009226156152692884,0.057971014492753624,0.2962962962962963,0.05882352941176471,0.07878787878787878
CL White,45,0.11198247030330988,0.31272141706924317,0.41817398794142985,0.004524886877828055,0.021739130434782608
CM Gautam,13,0.019490254872563718,0.18840579710144928,0.3565400843881857,0.0,0.0
CR Brathwaite,14,0.02087417829546765,0.1873706004140787,0.5027777777777779,0.05882352941176471,0.04887218045112782
CR Woakes,12,0.008995502248875561,0.09420289855072464,0.33766233766233766,0.13574660633484165,0.06479481641468682
CRD Fernando,2,0.0004613078076346442,0.028985507246376812,0.4444444444444444,0.07692307692307693,0.0682730923694779
CV Varun,11,0.0029985007496251873,0.034255599472990776,0.17333333333333334,0.4524886877828055,0.05175983436853002
D Brevis,16,0.05247376311844078,0.4121376811594203,0.4972677595628416,0.004524886877828055,0.3333333333333333
D Ferreira,3,0.0010379425671779494,0.043478260869565216,0.21428571428571433,0.0,0.0
D Kalyankrishna,1,0.00034598085572598315,0.043478260869565216,0.125,0.00904977375565611,0.039999999999999994
D Padikkal,74,0.20828047514704187,0.35370152761457113,0.4024064171122995,0.0,0.0
D Pretorius,5,0.005074385883981086,0.127536231884058,0.5238095238095238,0.027149321266968326,0.03614457831325301
D Salunkhe,3,0.0038057894129858148,0.15942028985507248,0.45833333333333337,0.004524886877828055,0.0196078431372549
D Wiese,11,0.017068388882481834,0.19499341238471674,0.4698412698412699,0.07239819004524888,0.05211726384364821
D du Preez,1,0.0011532695190866105,0.14492753623188406,0.25641025641025644,0.01809954751131222,0.09302325581395349
DA Miller,133,0.3548610310229501,0.3352947586357197,0.44691358024691363,0.0,0.0
DA Warner,184,0.7573520931841772,0.517249527410208,0.45143328521344606,0.0,0.0
DAJ Bracewell,1,0.0013839234229039326,0.17391304347826086,0.4444444444444444,0.013574660633484163,0.12
DB Das,22,0.03505939338023296,0.2002635046113307,0.37952559300873906,0.0,0.0
DB Ravi Teja,25,0.04324760696574789,0.21739130434782608,0.3846153846153846,0.004524886877828055,0.05555555555555555
DE Bollinger,4,0.002421865990081882,0.07608695652173914,0.30434782608695654,0.16742081447963802,0.06166666666666666
DG Nalkande,2,0.0013839234229039326,0.08695652173913043,0.33333333333333337,0.027149321266968326,0.06741573033707865
DH Yagnik,17,0.01960558182447238,0.14492753623188406,0.3990610328638498,0.0,0.0
DJ Bravo,110,0.17991004497751123,0.20553359683794467,0.41700080192461914,0.828054298642534,0.05552184466019417
DJ Harris,4,0.012801291661861378,0.40217391304347827,0.3592233009708738,0.0,0.0
DJ Hooda,101,0.17264444700726558,0.21480843736547567,0.4113767518549052,0.04524886877828055,0.025575447570332477
DJ Hussey,61,0.1524622304232499,0.3140888572107389,0.40024220405691796,0.03619909502262444,0.024767801857585137
DJ Jacobs,7,0.010610079575596816,0.19047619047619047,0.3036303630363037,0.0,0.0
DJ Malan,1,0.0029985007496251873,0.37681159420289856,0.33333333333333337,0.0,0.0
DJ Mitchell,15,0.04047976011994003,0.3391304347826087,0.427007299270073,0.004524886877828055,0.0196078431372549
DJ Muthuswami,1,0.00011532695190866105,0.014492753623188406,0.1111111111111111,0.01809954751131222,0.047619047619047616
DJ Thornely,4,0.004497751124437781,0.14130434782608695,0.24074074074074073,0.013574660633484163,0.06818181818181818
DJ Willey,5,0.006112328451159036,0.1536231884057971,0.2760416666666667,0.027149321266968326,0.02714932126696832
DJG Sammy,20,0.034021450813055014,0.213768115942029,0.3917662682602922,0.0497737556561086,0.045081967213114756
DJM Short,7,0.013262599469496022,0.23809523809523808,0.37581699346405234,0.004524886877828055,0.05555555555555555
DL Chahar,16,0.013493253373313344,0.10597826086956522,0.45348837209302323,0.3981900452488688,0.04380288700846192
DL Vettori,16,0.013954561180947988,0.10960144927536232,0.3418079096045198,0.12669683257918554,0.03566878980891719
DM Bravo,1,0.0006919617114519663,0.08695652173913043,0.4,0.0,0.0
DNT Zoysa,2,0.0012685964709952715,0.07971014492753624,0.40740740740740744,0.00904977375565611,0.02898550724637681
DP Conway,28,0.12455310806135393,0.5590062111801242,0.45340050377833757,0.0,0.0
DP Nannes,2,0.0004613078076346442,0.028985507246376812,0.10256410256410257,0.12669683257918554,0.040638606676342524
DP Vijaykumar,1,0.00011532695190866105,0.014492753623188406,0.33333333333333337,0.01809954751131222,0.025157232704402514
DPMD Jayawardene,78,0.2085111290508592,0.335934596804162,0.39597021462987303,0.0,0.0
DR Martyn,1,0.00219121208626456,0.2753623188405797,0.24358974358974356,0.0,0.0
DR Sams,13,0.005074385883981086,0.04905239687848383,0.3055555555555555,0.06334841628959277,0.03598971722365039
DR Shorey,2,0.0014992503748125937,0.09420289855072464,0.21666666666666667,0.0,0.0
DR Smith,88,0.27505478030215663,0.39278656126482214,0.4409317803660566,0.11764705882352942,0.0466786355475763
DS Kulkarni,20,0.01199400299850075,0.07536231884057971,0.30678466076696165,0.38914027149321273,0.045842217484008525
DS Lehmann,2,0.0020758851343558988,0.13043478260869565,0.3157894736842105,0.0,0.0
DS Rathi,1,0.00011532695190866105,0.014492753623188406,0.08333333333333334,0.06334841628959277,0.043613707165109025
DT Christian,41,0.05305039787798409,0.16260162601626016,0.37581699346405234,0.1719457013574661,0.04121475054229935
DT Patil,2,0.0014992503748125937,0.09420289855072464,0.33333333333333337,0.0,0.0
DW Steyn,33,0.019259600968746397,0.0733421168203777,0.3415132924335379,0.4389140271493213,0.0425065731814198
Dhruv Jurel,35,0.07842232729788952,0.28157349896480327,0.4970760233918129,0.0,0.0
E Lewis,26,0.07542382654826432,0.36454849498327757,0.43687374749499,0.0,0.0
EJG Morgan,74,0.16214969438357743,0.2753623188405797,0.3968388371436636,0.0,0.0
ER Dwivedi,2,0.002767846845807865,0.17391304347826086,0.5333333333333333,0.0,0.0
F Behardien,3,0.0016145773267212547,0.0676328502415459,0.358974358974359,0.0,0.0
F du Plessis,147,0.5504555414600392,0.4705708370304644,0.4413314840499306,0.0,0.0
FA Allen,3,0.0016145773267212547,0.0676328502415459,0.24561403508771928,0.00904977375565611,0.021978021978021976
FH Edwards,2,0.0004613078076346442,0.028985507246376812,0.26666666666666666,0.022624434389140274,0.03333333333333333
FY Fazal,11,0.021104832199284974,0.24110671936758893,0.3407821229050279,0.0,0.0
Fazalhaq Farooqi,3,0.0005766347595433052,0.024154589371980676,0.1111111111111111,0.027149321266968326,0.022556390977443608
G Coetzee,7,0.0035751355091684926,0.06418219461697723,0.31313131313131315,0.06787330316742082,0.05136986301369863
G Gambhir,151,0.4863337561988237,0.40474133794030137,0.39888384411653427,0.0,0.0
GB Hogg,4,0.002537192941990543,0.07971014492753624,0.33333333333333337,0.10407239819004525,0.04935622317596566
GC Smith,29,0.08522661746050052,0.36931534232883556,0.356488181379643,0.0,0.0
GC Viljoen,3,0.00034598085572598315,0.014492753623188406,0.14285714285714285,0.031674208144796386,0.04794520547945206
GD McGrath,2,0.0004613078076346442,0.028985507246376812,0.26666666666666666,0.05429864253393665,0.0364741641337386
GD Phillips,8,0.0074962518740629685,0.11775362318840579,0.393939393939394,0.00904977375565611,0.06451612903225806
GH Vihari,23,0.03275285434205974,0.17895400126023944,0.28600201409869086,0.004524886877828055,0.023255813953488372
GHS Garton,2,0.0002306539038173221,0.014492753623188406,0.16666666666666669,0.013574660633484163,0.030927835051546386
GJ Bailey,36,0.07646176911544228,0.2669082125603865,0.4003623188405797,0.0,0.0
GJ Maxwell,134,0.32522200438242416,0.3049967553536665,0.49578059071729963,0.18552036199095023,0.03915950334288443
GR Napier,1,0.0017299042786299158,0.21739130434782608,0.3125,0.004524886877828055,0.041666666666666664
Gulbadin Naib,1,0.00219121208626456,0.2753623188405797,0.4222222222222222,0.0,0.0
Gurkeerat Singh,32,0.0589320724253258,0.23143115942028986,0.3906727828746177,0.022624434389140274,0.06097560975609756
H Das,1,0.0002306539038173221,0.028985507246376812,0.13333333333333333,0.0,0.0
H Klaasen,45,0.17068388882481836,0.4766505636070853,0.5439176773245131,0.0,0.0
HC Brook,11,0.0219121208626456,0.2503293807641634,0.39832285115303984,0.0,0.0
HE van der Dussen,3,0.002537192941990543,0.10628019323671498,0.29333333333333333,0.0,0.0
HF Gurney,1,0.00011532695190866105,0.014492753623188406,0.06666666666666667,0.031674208144796386,0.04142011834319526
HH Gibbs,36,0.1021796793910737,0.35668276972624796,0.352847471127041,0.0,0.0
HH Pandya,140,0.3180717333640872,0.2855072463768116,0.46856948691811084,0.35294117647058826,0.0455075845974329
HM Amla,16,0.06654365125129742,0.5226449275362319,0.4601275917065391,0.0,0.0
HR Shokeen,5,0.0076115788259716296,0.19130434782608696,0.3283582089552239,0.022624434389140274,0.023474178403755867
HV Patel,41,0.031138277015338483,0.09544008483563096,0.37344398340248963,0.6832579185520362,0.05875486381322957
Harbhajan Singh,88,0.09606735093991466,0.1371870882740448,0.4365828092243187,0.6787330316742082,0.04290617848970252
Harmeet Singh,4,0.0020758851343558988,0.06521739130434782,0.5,0.12217194570135748,0.047038327526132406
Harpreet Brar,26,0.028139776265713297,0.13600891861761427,0.38006230529595014,0.15837104072398192,0.04237288135593221
Harpreet Singh,8,0.01418521508476531,0.22282608695652173,0.3445378151260505,0.0,0.0
Harshit Rana,10,0.006804290162611002,0.0855072463768116,0.34502923976608196,0.1809954751131222,0.0589101620029455
I Malhotra,1,0.0008072886633606274,0.10144927536231885,0.5833333333333334,0.0,0.0
I Sharma,21,0.00657363625879368,0.039337474120082816,0.26760563380281693,0.4343891402714932,0.03770620581304006
I Udana,4,0.0017299042786299158,0.05434782608695652,0.45454545454545453,0.03619909502262444,0.04395604395604395
IC Pandey,1,0.0,0.0,0.0,0.08144796380090498,0.038379530916844345
IK Pathan,82,0.13262599469496023,0.2032520325203252,0.38917089678510997,0.3619909502262444,0.03786086133459536
IR Jaggi,7,0.00876484834505824,0.15734989648033126,0.25333333333333335,0.0,0.0
IS Sodhi,2,0.0008072886633606274,0.050724637681159424,0.12962962962962965,0.04072398190045249,0.04945054945054945
Imran Tahir,8,0.0038057894129858148,0.059782608695652176,0.2972972972972973,0.37104072398190047,0.06119402985074626
Iqbal Abdulla,13,0.010148771767962172,0.09810479375696766,0.3410852713178295,0.1809954751131222,0.042417815482502653
Ishan Kishan,112,0.3457502018221658,0.3879399585921325,0.4467292504842795,0.0,0.0
J Arunkumar,3,0.002652519893899204,0.11111111111111112,0.3194444444444445,0.0,0.0
J Botha,28,0.04716872333064237,0.2116977225672878,0.37454212454212454,0.11312217194570137,0.03526093088857546
J Fraser-McGurk,15,0.044400876484834505,0.37198067632850246,0.6321839080459771,0.0,0.0
J Overton,2,0.0017299042786299158,0.10869565217391304,0.7142857142857143,0.0,0.0
J Suchith,9,0.008072886633606273,0.11272141706924316,0.37634408602150543,0.08597285067873305,0.04377880184331798
J Syed Mohammad,5,0.0033444816053511705,0.08405797101449275,0.3580246913580247,0.03619909502262444,0.04081632653061225
J Theron,4,0.0011532695190866105,0.036231884057971016,0.25641025641025644,0.0497737556561086,0.04680851063829787
J Yadav,4,0.004613078076346442,0.14492753623188406,0.3508771929824561,0.03619909502262444,0.020100502512562814
JA Morkel,67,0.11244377811094453,0.21090201168072678,0.4564606741573034,0.38461538461538464,0.047039291643608185
JA Richardson,3,0.0019605581824472377,0.0821256038647343,0.20987654320987656,0.013574660633484163,0.031914893617021274
JC Archer,30,0.030215661400069194,0.12657004830917873,0.47723132969034615,0.26696832579185525,0.04612978889757623
JC Buttler,119,0.4752623688155922,0.5018877116063817,0.48097572362278246,0.0,0.0
JD Ryder,29,0.06965747895283128,0.30184907546226886,0.4320457796852647,0.03619909502262444,0.03319502074688797
JD Unadkat,27,0.022719409526006228,0.1057434245840043,0.38627450980392164,0.49773755656108604,0.04700854700854701
JDP Oram,11,0.012224656902318071,0.1396574440052701,0.3212121212121212,0.04072398190045249,0.036885245901639344
JDS Neesham,10,0.010610079575596816,0.13333333333333333,0.32974910394265233,0.03619909502262444,0.036036036036036036
JE Root,1,0.0011532695190866105,0.14492753623188406,0.2222222222222222,0.0,0.0
JE Taylor,2,0.00034598085572598315,0.021739130434782608,0.25,0.027149321266968326,0.04918032786885246
JEC Franklin,16,0.03771191327413216,0.296195652173913,0.3527508090614887,0.04072398190045249,0.058064516129032254
JG Bethell,2,0.007726905777880291,0.4855072463768116,0.5726495726495727,0.0,0.0
JH Kallis,95,0.2798985122823204,0.3702517162471396,0.3531209079004802,0.29411764705882354,0.03613118399110617
JJ Bumrah,27,0.00784223272978895,0.03650026838432636,0.27983539094650206,0.8416289592760182,0.05354058721934369
JJ Roy,21,0.07081074847191789,0.42374051069703245,0.4449275362318841,0.0,0.0
JJ van der Wath,3,0.0020758851343558988,0.08695652173913043,0.35294117647058826,0.013574660633484163,0.039473684210526314
JL Denly,1,0.0,0.0,0.0,0.0,0.0
JL Pattinson,2,0.0017299042786299158,0.10869565217391304,0.3846153846153846,0.0497737556561086,0.04954954954954955
JM Bairstow,52,0.1930573174950986,0.4665551839464883,0.472480948348857,0.0,0.0
JM Kemp,2,0.0029985007496251873,0.18840579710144928,0.3466666666666667,0.013574660633484163,0.06382978723404255
JM Sharma,47,0.1142890093414831,0.30558125192722785,0.5035569105691057,0.0,0.0
JO Holder,27,0.029869680544343212,0.13902308105206657,0.39784946236559143,0.2398190045248869,0.050524308865586266
JP Behrendorff,2,0.0006919617114519663,0.043478260869565216,0.2222222222222222,0.08597285067873305,0.05013192612137203
JP Duminy,75,0.2339983854226733,0.39207729468599034,0.4025793650793651,0.10407239819004525,0.03281027104136947
JP Faulkner,45,0.060777303655864374,0.16972624798711755,0.43267651888341546,0.27601809954751133,0.04739704739704739
JP Inglis,11,0.032060892630607775,0.36627140974967065,0.5235404896421846,0.0,0.0
JPR Scantlebury-Searles,2,0.0009226156152692884,0.057971014492753624,0.4444444444444444,0.00904977375565611,0.04444444444444444
JR Hazlewood,7,0.00219121208626456,0.039337474120082816,0.2111111111111111,0.2579185520361991,0.06390134529147982
JR Hopes,19,0.04809133894591166,0.3180778032036613,0.44267515923566886,0.06334841628959277,0.037940379403794036
JR Philippe,5,0.008995502248875561,0.22608695652173913,0.325,0.0,0.0
Jaskaran Singh,4,0.0009226156152692884,0.028985507246376812,0.24242424242424246,0.027149321266968326,0.05405405405405406
Joginder Sharma,5,0.0041517702687117975,0.10434782608695653,0.4,0.05429864253393665,0.044117647058823525
K Goel,16,0.02514127551608811,0.19746376811594202,0.3040446304044631,0.0,0.0
K Gowtham,27,0.02848575712143928,0.13258185721953838,0.5178197064989519,0.09502262443438915,0.035058430717863104
K Kartikeya,4,0.0013839234229039326,0.043478260869565216,0.2222222222222222,0.05429864253393665,0.041379310344827586
K Rabada,30,0.024795294660362125,0.10386473429951691,0.33179012345679015,0.5520361990950227,0.06115288220551378
K Upadhyay,2,0.0013839234229039326,0.08695652173913043,0.4444444444444444,0.0,0.0
K Yadav,1,0.0,0.0,0.0,0.00904977375565611,0.037037037037037035
KA Jamieson,9,0.0074962518740629685,0.10466988727858294,0.3611111111111111,0.06334841628959277,0.05128205128205128
KA Maharaj,1,0.00011532695190866105,0.014492753623188406,0.16666666666666669,0.00904977375565611,0.05555555555555555
KA Pollard,168,0.39637873371006804,0.2964975845410628,0.4681923443672525,0.31221719457013575,0.04350567465321564
KAJ Roach,1,0.0011532695190866105,0.14492753623188406,0.3703703703703704,0.0,0.0
KB Arun Karthik,8,0.0058816745473417135,0.0923913043478261,0.3207547169811321,0.0,0.0
KC Cariappa,5,0.002767846845807865,0.06956521739130435,0.38095238095238093,0.03619909502262444,0.03571428571428571
KC Sangakkara,68,0.19455656786991118,0.35954816709292414,0.39489700374531833,0.0,0.0
KD Karthik,233,0.5585284280936454,0.3012377931206071,0.4378446795045656,0.0,0.0
KH Pandya,114,0.2025141275516088,0.22323925756420038,0.42538759689922484,0.4208144796380091,0.03771289537712895
KJ Abbott,3,0.0014992503748125937,0.06280193236714976,0.5416666666666667,0.00904977375565611,0.0196078431372549
KK Ahmed,6,0.0002306539038173221,0.004830917874396135,0.07407407407407407,0.40271493212669685,0.054434250764525995
KK Cooper,12,0.013377926421404682,0.1400966183574879,0.5523809523809524,0.14932126696832582,0.055
KK Nair,76,0.19536385653327182,0.32303585049580474,0.4297311009639777,0.0,0.0
KL Nagarkoti,7,0.002537192941990543,0.045548654244306416,0.21568627450980393,0.022624434389140274,0.02702702702702703
KL Rahul,135,0.6037365932418406,0.5619967793880838,0.4421079300734735,0.0,0.0
KM Asif,1,0.0,0.0,0.0,0.031674208144796386,0.048951048951048945
KM Jadhav,81,0.13931495790566256,0.21613884415816784,0.39789196310935443,0.0,0.0
KMA Paul,5,0.0020758851343558988,0.052173913043478265,0.23076923076923078,0.04072398190045249,0.049999999999999996
KMDN Kulasekara,1,0.0005766347595433052,0.07246376811594203,0.5555555555555557,0.022624434389140274,0.04672897196261683
KP Appanna,3,0.0002306539038173221,0.00966183574879227,0.16666666666666669,0.04072398190045249,0.04054054054054054
KP Pietersen,36,0.11544227886056971,0.4029790660225443,0.44019349164467897,0.031674208144796386,0.03888888888888889
KR Mayers,13,0.04370891477338254,0.42251950947603123,0.4577294685990339,0.0,0.0
KR Sen,1,0.0,0.0,0.0,0.06334841628959277,0.054901960784313725
KS Bharat,8,0.022950063429823548,0.3605072463768116,0.3948412698412699,0.0,0.0
KS Rathore,1,0.0,0.0,0.0,0.0,0.0
KS Sharma,3,0.0018452312305385769,0.07729468599033816,0.21333333333333335,0.0,0.0
KS Williamson,76,0.24587706146926536,0.406559877955759,0.4098423683198769,0.0,0.0
KT Maphaka,1,0.0009226156152692884,0.11594202898550725,0.8888888888888888,0.00904977375565611,0.02816901408450704
KV Sharma,40,0.04059508707184869,0.127536231884058,0.3821932681867536,0.37556561085972856,0.051520794537554315
KW Richardson,4,0.0041517702687117975,0.13043478260869565,0.3076923076923077,0.08597285067873305,0.055072463768115934
Kamran Akmal,6,0.014761849844308615,0.30917874396135264,0.547008547008547,0.0,0.0
Kamran Khan,1,0.00034598085572598315,0.043478260869565216,0.2,0.04524886877828055,0.05649717514124293
Karanveer Singh,4,0.0013839234229039326,0.043478260869565216,0.23529411764705885,0.05429864253393665,0.05633802816901408
Kartik Tyagi,6,0.0014992503748125937,0.03140096618357488,0.27083333333333337,0.06787330316742082,0.03275109170305677
Kuldeep Yadav,37,0.023180717333640872,0.07873090481786134,0.2791666666666667,0.46153846153846156,0.04834123222748815
Kumar Kushagra,3,0.00034598085572598315,0.014492753623188406,0.14285714285714285,0.0,0.0
L Ablish,1,0.0,0.0,0.0,0.013574660633484163,0.06666666666666667
L Balaji,13,0.0041517702687117975,0.04013377926421405,0.24000000000000002,0.3438914027149322,0.04828462515883101
L Ngidi,1,0.0,0.0,0.0,0.13122171945701358,0.07435897435897436
L Ronchi,5,0.003921116364894475,0.09855072463768116,0.30630630630630634,0.0,0.0
L Wood,1,0.0010379425671779494,0.13043478260869565,1.0,0.004524886877828055,0.026315789473684213
LA Carseldine,5,0.009341483104601546,0.23478260869565218,0.3802816901408451,0.004524886877828055,0.14285714285714285
LA Pomersbach,16,0.03482873947641564,0.27355072463768115,0.401062416998672,0.0,0.0
LB Williams,1,0.00011532695190866105,0.014492753623188406,0.16666666666666669,0.004524886877828055,0.023809523809523808
LE Plunkett,2,0.00011532695190866105,0.007246376811594203,0.1111111111111111,0.01809954751131222,0.025974025974025972
LH Ferguson,8,0.008303540537423595,0.13043478260869565,0.48979591836734704,0.24434389140271495,0.05009276437847866
LJ Wright,5,0.012224656902318071,0.3072463768115942,0.5608465608465609,0.00904977375565611,0.026666666666666665
LMP Simmons,29,0.12443778110944528,0.5392303848075962,0.40964312832194383,0.004524886877828055,0.05555555555555555
LPC Silva,3,0.004613078076346442,0.1932367149758454,0.4938271604938272,0.0,0.0
LR Shukla,33,0.04670741552300773,0.17786561264822134,0.3770949720670391,0.06787330316742082,0.0460122699386503
LRPL Taylor,54,0.11728751009110829,0.27294685990338163,0.4002361275088548,0.0,0.0
LS Livingstone,47,0.12120862645600276,0.3240826395312982,0.5011921793037674,0.05882352941176471,0.040498442367601244
Lalit Yadav,21,0.03517472033214162,0.21048999309868877,0.33776301218161686,0.04524886877828055,0.03401360544217687
Liton Das,1,0.0004613078076346442,0.057971014492753624,0.33333333333333337,0.0,0.0
M Ashwin,12,0.0040364433168031365,0.042270531400966184,0.23333333333333334,0.15837104072398192,0.03897550111358575
M Jansen,20,0.016261100219121208,0.10217391304347825,0.3455882352941177,0.16289592760180996,0.0457433290978399
M Kaif,22,0.029869680544343212,0.17061923583662716,0.33462532299741604,0.0,0.0
M Kartik,14,0.0130319455656787,0.11697722567287784,0.34556574923547406,0.14027149321266968,0.026226734348561757
M Klinger,4,0.008418867489332257,0.2644927536231884,0.31196581196581197,0.0,0.0
M Manhas,38,0.05927805328105178,0.19603356216628529,0.3525377229080933,0.0,0.0
M Markande,10,0.00553569369161573,0.06956521739130435,0.36363636363636365,0.16742081447963802,0.050203527815468114
M Morkel,20,0.014531195940491293,0.09130434782608696,0.45161290322580644,0.3484162895927602,0.04532077692760447
M Muralitharan,9,0.002306539038173221,0.032206119162640906,0.2222222222222222,0.2895927601809955,0.04048070841239722
M Ntini,2,0.0012685964709952715,0.07971014492753624,0.1929824561403509,0.031674208144796386,0.03286384976525821
M Prasidh Krishna,7,0.0010379425671779494,0.018633540372670808,0.125,0.3393665158371041,0.047021943573667714
M Rawat,11,0.006342982354976358,0.07246376811594203,0.2619047619047619,0.0,0.0
M Shahrukh Khan,48,0.0844193287971399,0.2210144927536232,0.47195357833655716,0.004524886877828055,0.05555555555555555
M Theekshana,6,0.0019605581824472377,0.04106280193236715,0.16666666666666669,0.16289592760180996,0.03991130820399112
M Tiwari,1,0.00034598085572598315,0.043478260869565216,0.25,0.0,0.0
M Vijay,105,0.3020412870487833,0.36149068322981365,0.39538043478260876,0.0,0.0
M Vohra,51,0.12489908891707992,0.30775788576300084,0.41830822711471616,0.0,0.0
M de Lange,1,0.00011532695190866105,0.014492753623188406,0.16666666666666669,0.022624434389140274,0.04310344827586207
MA Agarwal,125,0.31876369507553914,0.320463768115942,0.42932587760173974,0.0,0.0
MA Khote,3,0.002767846845807865,0.11594202898550725,0.36363636363636365,0.00904977375565611,0.06666666666666667
MA Starc,21,0.012801291661861378,0.07660455486542443,0.30833333333333335,0.29411764705882354,0.057829181494661916
MA Wood,3,0.0013839234229039326,0.057971014492753624,0.4,0.0497737556561086,0.08661417322834644
MC Henriques,54,0.11532695190866106,0.2683843263553409,0.4161464835622139,0.1900452488687783,0.04290091930541368
MC Juneja,7,0.014415868988582633,0.2587991718426501,0.3109452736318408,0.0,0.0
MD Mishra,17,0.02733248760235267,0.2020460358056266,0.3708920187793428,0.0,0.0
MD Shanaka,3,0.0029985007496251873,0.12560386473429952,0.33333333333333337,0.0,0.0
MDKJ Perera,2,0.0016145773267212547,0.10144927536231885,0.358974358974359,0.0,0.0
MEK Hussey,58,0.2280013839234229,0.4940029985007496,0.3998786407766991,0.0,0.0
MF Maharoof,14,0.020412870487833006,0.18322981366459626,0.4758064516129033,0.12217194570135748,0.061224489795918366
MG Bracewell,4,0.006688963210702341,0.21014492753623187,0.39455782312925175,0.027149321266968326,0.0909090909090909
MG Johnson,28,0.019259600968746397,0.08643892339544514,0.3313492063492064,0.28054298642533937,0.04765564950038432
MJ Clarke,6,0.011302041287048783,0.23671497584541062,0.3402777777777778,0.00904977375565611,0.030303030303030304
MJ Guptill,13,0.03125360396724715,0.3021181716833891,0.45854483925549916,0.0,0.0
MJ Lumb,12,0.032060892630607775,0.33574879227053145,0.468013468013468,0.0,0.0
MJ McClenaghan,20,0.00980279091223619,0.06159420289855073,0.3881278538812786,0.3212669683257919,0.05274888558692421
MJ Owen,1,0.0,0.0,0.0,0.0,0.0
MJ Santner,19,0.012685964709952716,0.08390541571319604,0.3303303303303303,0.11312217194570137,0.04051863857374392
MJ Suthar,1,0.00011532695190866105,0.014492753623188406,0.16666666666666669,0.0,0.0
MK Lomror,35,0.060777303655864374,0.21821946169772258,0.45158526135389887,0.004524886877828055,0.010638297872340427
MK Pandey,161,0.45565678699111983,0.35565757493923844,0.39254843517138605,0.0,0.0
MK Tiwary,83,0.19547918348518048,0.2959664745940283,0.3794492948287442,0.004524886877828055,0.02222222222222222
ML Hayden,32,0.1276669357628878,0.501358695652174,0.4398092967818832,0.0,0.0
MM Ali,59,0.13458655287740745,0.2866617538688283,0.44971098265895953,0.18552036199095023,0.04718066743383199
MM Patel,12,0.004497751124437781,0.04710144927536232,0.3170731707317073,0.33484162895927605,0.05354558610709116
MM Sharma,30,0.014415868988582633,0.060386473429951695,0.29761904761904767,0.6063348416289593,0.05422905706191825
MN Samuels,14,0.01856763925729443,0.16666666666666666,0.3084291187739464,0.04072398190045249,0.0410958904109589
MN van Wyk,5,0.019259600968746397,0.4840579710144927,0.4123456790123457,0.0,0.0
MP Breetzke,1,0.0016145773267212547,0.2028985507246377,0.38888888888888895,0.0,0.0
MP Stoinis,99,0.2336524045669473,0.29658907919777483,0.4635094943948753,0.1990950226244344,0.04772234273318872
MR Marsh,49,0.14900242186599008,0.3821354628808045,0.46159342622365135,0.16742081447963802,0.06239460370994941
MS Bhandage,1,0.00011532695190866105,0.014492753623188406,0.08333333333333334,0.0,0.0
MS Bisla,39,0.09203090762311152,0.29654403567447046,0.3609226594301221,0.0,0.0
MS Dhoni,241,0.6272632914312075,0.32707919898971677,0.44208729578151673,0.0,0.0
MS Gony,15,0.011417368238957445,0.09565217391304348,0.43421052631578955,0.16742081447963802,0.04
MS Wade,14,0.021104832199284974,0.18944099378881987,0.32972972972972975,0.0,0.0
MV Boucher,23,0.045438819052012455,0.24826717076244487,0.4129979035639413,0.0,0.0
MW Short,6,0.013493253373313344,0.2826086956521739,0.393939393939394,0.0,0.0
Mandeep Singh,97,0.19674777995617576,0.2548931719707157,0.40103432063939826,0.0,0.0
Mashrafe Mortaza,1,0.0002306539038173221,0.028985507246376812,0.33333333333333337,0.0,0.0
Mayank Dagar,1,0.0,0.0,0.0,0.00904977375565611,0.014492753623188404
Misbah-ul-Haq,8,0.013493253373313344,0.21195652173913043,0.475609756097561,0.0,0.0
Mohammad Ashraful,1,0.0002306539038173221,0.028985507246376812,0.05555555555555555,0.0,0.0
Mohammad Asif,2,0.00034598085572598315,0.021739130434782608,0.16666666666666669,0.03619909502262444,0.04020100502512563
Mohammad Hafeez,8,0.007380924922154307,0.11594202898550725,0.253968253968254,0.00904977375565611,0.031746031746031744
Mohammad Nabi,19,0.025487256371814093,0.16857360793287568,0.4692144373673036,0.06787330316742082,0.03579952267303103
Mohammed Shami,27,0.009687463960327528,0.04508856682769726,0.3010752688172043,0.6018099547511313,0.04911373707533235
Mohammed Siraj,21,0.012916618613770038,0.07729468599033816,0.29396325459317585,0.49321266968325794,0.04452614379084967
Mohit Rathee,1,0.00011532695190866105,0.014492753623188406,0.16666666666666669,0.0,0.0
Mohsin Khan,5,0.0028831737977165262,0.07246376811594203,0.308641975308642,0.12217194570135748,0.05325443786982249
Mujeeb Ur Rahman,6,0.0013839234229039326,0.028985507246376812,0.26666666666666666,0.0904977375565611,0.04301075268817204
Mukesh Choudhary,2,0.0006919617114519663,0.043478260869565216,0.33333333333333337,0.07692307692307693,0.05089820359281437
Mukesh Kumar,5,0.0011532695190866105,0.028985507246376812,0.16666666666666669,0.16742081447963802,0.054814814814814816
Musheer Khan,1,0.0,0.0,0.0,0.004524886877828055,0.08333333333333333
Mustafizur Rahman,7,0.0014992503748125937,0.026915113871635612,0.18055555555555555,0.29411764705882354,0.04580690627202255
N Jagadeesan,10,0.01868296620920309,0.23478260869565218,0.34838709677419355,0.0,0.0
N Pooran,86,0.2644447007265598,0.38641725648803504,0.533379855780414,0.0,0.0
N Rana,112,0.32902779379541,0.36917701863354035,0.44109461966604824,0.04524886877828055,0.05076142131979695
N Saini,10,0.016145773267212546,0.2028985507246377,0.3263403263403264,0.0,0.0
N Wadhera,31,0.08292007842232729,0.3361383824216924,0.45913154533844197,0.0,0.0
ND Doshi,1,0.0,0.0,0.0,0.00904977375565611,0.03508771929824561
NJ Maddinson,3,0.002306539038173221,0.0966183574879227,0.31746031746031744,0.0,0.0
NJ Rimmington,1,0.00011532695190866105,0.014492753623188406,0.33333333333333337,0.0,0.0
NK Patel,6,0.013954561180947988,0.2922705314009662,0.32526881720430106,0.0,0.0
NL McCullum,2,0.0029985007496251873,0.18840579710144928,0.37681159420289856,0.0,0.0
NLTC Perera,30,0.048898627609272285,0.20483091787439614,0.4335378323108385,0.14027149321266968,0.043356643356643354
NM Coulter-Nile,16,0.009456810056510206,0.07427536231884058,0.36444444444444446,0.2171945701357466,0.053811659192825115
NS Naik,4,0.0035751355091684926,0.11231884057971014,0.1949685534591195,0.0,0.0
NT Ellis,5,0.00219121208626456,0.05507246376811594,0.24358974358974356,0.08597285067873305,0.04871794871794872
NV Ojha,94,0.17921808326605929,0.23959296947271044,0.38088235294117645,0.0,0.0
Naman Dhir,19,0.04520816514819513,0.2990083905415713,0.5781710914454278,0.0,0.0
Navdeep Saini,7,0.0038057894129858148,0.06832298136645963,0.2894736842105264,0.1085972850678733,0.03519061583577712
Naveen-ul-Haq,4,0.0020758851343558988,0.06521739130434782,0.23076923076923078,0.11312217194570137,0.061425061425061434
Nithish Kumar Reddy,22,0.05593357167570061,0.3194993412384717,0.4232111692844677,0.022624434389140274,0.03289473684210526
Noor Ahmad,11,0.002306539038173221,0.026350461133069828,0.19047619047619047,0.2171945701357466,0.058041112454655375
OA Shah,22,0.058355437665782495,0.3333333333333333,0.41646090534979424,0.0,0.0
OC McCoy,1,0.0009226156152692884,0.11594202898550725,0.5333333333333333,0.0497737556561086,0.0611111111111111
OF Smith,6,0.0058816745473417135,0.12318840579710146,0.34,0.027149321266968326,0.06315789473684211
P Awana,5,0.0005766347595433052,0.014492753623188406,0.11904761904761905,0.17647058823529413,0.0503875968992248
P Chopra,1,0.0009226156152692884,0.11594202898550725,0.4444444444444444,0.0,0.0
P Dogra,12,0.014646522892399955,0.1533816425120773,0.30023640661938533,0.0,0.0
P Dubey,2,0.002652519893899204,0.16666666666666666,0.23232323232323235,0.00904977375565611,0.02531645569620253
P Kumar,57,0.03921116364894476,0.08644800406814136,0.3508771929824561,0.40723981900452494,0.0341296928327645
P Negi,35,0.04209433744666129,0.15113871635610768,0.4042081949058694,0.15384615384615385,0.04638472032742155
P Parameswaran,2,0.00011532695190866105,0.007246376811594203,0.1111111111111111,0.04072398190045249,0.056603773584905655
P Ray Barman,1,0.00219121208626456,0.2753623188405797,0.25333333333333335,0.0,0.0
P Sahu,2,0.00219121208626456,0.13768115942028986,0.4871794871794871,0.013574660633484163,0.028037383177570097
P Simran Singh,52,0.15626801983623573,0.37764771460423635,0.49963126843657824,0.0,0.0
PA Patel,136,0.3284511590358667,0.3034953111679454,0.3887523887523888,0.0,0.0
PA Reddy,10,0.01891362011302041,0.23768115942028983,0.3273453093812375,0.0,0.0
PBB Rajapaksa,13,0.03194556567869911,0.3088071348940914,0.4593698175787729,0.0,0.0
PC Valthaty,23,0.05824011071387383,0.3182104599873976,0.3896604938271605,0.031674208144796386,0.04575163398692811
PD Collingwood,7,0.023411371237458192,0.42028985507246375,0.4255765199161426,0.022624434389140274,0.05555555555555555
PD Salt,34,0.12178526121554607,0.4501278772378517,0.565008025682183,0.0,0.0
PHKD Mendis,5,0.010610079575596816,0.26666666666666666,0.42592592592592593,0.00904977375565611,0.047619047619047616
PJ Cummins,48,0.07058009456810056,0.1847826086956522,0.48920863309352525,0.3574660633484163,0.0469678953626635
PJ Sangwan,14,0.0029985007496251873,0.026915113871635612,0.1843971631205674,0.1719457013574661,0.04198895027624309
PK Garg,19,0.031484257871064465,0.20823798627002288,0.36842105263157904,0.0,0.0
PM Sarvesh Kumar,1,0.00011532695190866105,0.014492753623188406,0.16666666666666669,0.004524886877828055,0.03225806451612903
PN Mankad,5,0.011186714335140123,0.2811594202898551,0.43111111111111106,0.0,0.0
PP Chawla,86,0.07196401799100449,0.1051567239635996,0.3586206896551724,0.8687782805429864,0.049293966623876764
PP Ojha,19,0.0018452312305385769,0.012204424103737604,0.11851851851851854,0.40271493212669685,0.045758354755784054
PP Shaw,79,0.21819859301118671,0.3470922766464869,0.47741609891496345,0.0,0.0
PR Shah,9,0.010610079575596816,0.14814814814814814,0.3161512027491409,0.0,0.0
PSP Handscomb,1,0.0006919617114519663,0.08695652173913043,0.16666666666666669,0.0,0.0
PV Tambe,6,0.0020758851343558988,0.043478260869565216,0.15384615384615385,0.12669683257918554,0.04154302670623145
PVD Chameera,10,0.006112328451159036,0.07681159420289856,0.3840579710144928,0.05882352941176471,0.031862745098039214
PVSN Raju,1,0.00011532695190866105,0.014492753623188406,0.33333333333333337,0.004524886877828055,0.034482758620689655
PWA Mulder,1,0.0010379425671779494,0.13043478260869565,0.25,0.0,0.0
PWH de Silva,19,0.009341483104601546,0.061784897025171634,0.28421052631578947,0.2081447963800905,0.05693069306930693
Pankaj Singh,5,0.0008072886633606274,0.020289855072463767,0.19444444444444448,0.0497737556561086,0.03536977491961414
Parvez Rasool,4,0.0019605581824472377,0.06159420289855073,0.2833333333333333,0.01809954751131222,0.019999999999999997
Prince Yadav,2,0.0005766347595433052,0.036231884057971016,0.15151515151515152,0.013574660633484163,0.020833333333333332
Priyansh Arya,18,0.06285318879022027,0.4388083735909823,0.5860215053763441,0.0,0.0
Q de Kock,115,0.3819628647214854,0.4173913043478261,0.43584682195025665,0.0,0.0
R Ashwin,93,0.09606735093991466,0.1298114383668381,0.38141025641025644,0.8461538461538463,0.03841413311421528
R Bhatia,47,0.03944181755276208,0.10545790934320073,0.393103448275862,0.3212669683257919,0.042745334136062615
R Bishnoi,3,0.00219121208626456,0.09178743961352656,0.37254901960784315,0.0,0.0
R Dhawan,22,0.024218659900818822,0.1383399209486166,0.3723404255319149,0.11312217194570137,0.03607503607503607
R Dravid,82,0.25072079344942916,0.3842347119123365,0.37782412234966983,0.0,0.0
R McLaren,13,0.01833698535347711,0.17725752508361203,0.29775280898876405,0.05429864253393665,0.03225806451612903
R Minz,2,0.0006919617114519663,0.043478260869565216,0.125,0.0,0.0
R Ninan,1,0.00034598085572598315,0.043478260869565216,0.16666666666666669,0.013574660633484163,0.08333333333333333
R Parag,72,0.18106331449659785,0.31602254428341386,0.4527104959630912,0.031674208144796386,0.022653721682847894
R Powell,23,0.04209433744666129,0.22999369880277254,0.46615581098339726,0.004524886877828055,0.047619047619047616
R Rampaul,7,0.0058816745473417135,0.10559006211180125,0.3269230769230769,0.07239819004524888,0.05755395683453236
R Ravindra,18,0.04763003113827702,0.3325281803542673,0.46196868008948555,0.0,0.0
R Sai Kishore,4,0.0020758851343558988,0.06521739130434782,0.375,0.14479638009049775,0.0706401766004415
R Sanjay Yadav,1,0.0,0.0,0.0,0.0,0.0
R Sathish,24,0.031138277015338483,0.16304347826086957,0.38135593220338987,0.013574660633484163,0.020833333333333332
R Sharma,19,0.0076115788259716296,0.050343249427917625,0.2857142857142857,0.1809954751131222,0.042780748663101595
R Shepherd,12,0.021335486103102295,0.22342995169082125,0.6630824372759857,0.04524886877828055,0.04484304932735426
R Shukla,4,0.00219121208626456,0.06884057971014493,0.2753623188405797,0.022624434389140274,0.03846153846153846
R Tewatia,76,0.1282435705224311,0.2120518688024409,0.4355660007833921,0.14479638009049775,0.036951501154734404
R Vinay Kumar,42,0.03575135509168493,0.10697032436162872,0.3575547866205306,0.47511312217194573,0.04803293687099725
RA Bawa,3,0.00219121208626456,0.09178743961352656,0.35185185185185186,0.0,0.0
RA Jadeja,194,0.375965863222235,0.243538024802032,0.4168264927758599,0.7692307692307693,0.04119214926096437
RA Tripathi,98,0.26421404682274247,0.3388050872522922,0.4473735598515915,0.0,0.0
RD Chahar,22,0.014877176796217275,0.08498023715415019,0.33858267716535434,0.3393665158371041,0.04403992953611274
RD Gaikwad,70,0.28854803367546994,0.5180124223602485,0.4476650563607085,0.0,0.0
RD Rickelton,14,0.04474685734056049,0.40165631469979296,0.4862155388471179,0.0,0.0
RE Levi,6,0.009572137008418868,0.20048309178743962,0.37387387387387394,0.0,0.0
RE van der Merwe,15,0.01833698535347711,0.1536231884057971,0.3680555555555556,0.09502262443438915,0.046153846153846156
RG More,1,0.0002306539038173221,0.028985507246376812,0.33333333333333337,0.004524886877828055,0.02702702702702702
RG Sharma,266,0.8128243570522431,0.3840034869783154,0.4291019786910198,0.06787330316742082,0.04297994269340974
RJ Gleeson,1,0.0002306539038173221,0.028985507246376812,0.33333333333333337,0.00904977375565611,0.027397260273972605
RJ Harris,21,0.013493253373313344,0.08074534161490683,0.34821428571428575,0.20361990950226247,0.05202312138728324
RJ Peterson,5,0.0036904624610771537,0.0927536231884058,0.33333333333333337,0.013574660633484163,0.0625
RJ Quiney,7,0.011878676046592089,0.21325051759834368,0.326984126984127,0.0,0.0
RJW Topley,1,0.00034598085572598315,0.043478260869565216,0.16666666666666669,0.022624434389140274,0.04
RK Bhui,4,0.0011532695190866105,0.036231884057971016,0.1234567901234568,0.0,0.0
RK Singh,51,0.1267443201476185,0.3123046319977267,0.4619588062211013,0.0,0.0
RM Patidar,38,0.12812824357052244,0.42372234935164,0.4879227053140097,0.0,0.0
RN ten Doeschate,21,0.037596586322223506,0.22498274672187715,0.45658263305322133,0.00904977375565611,0.024096385542168672
RP Meredith,2,0.0,0.0,0.0,0.08597285067873305,0.04578313253012048
RP Singh,28,0.005997001499250375,0.026915113871635612,0.2222222222222222,0.40723981900452494,0.048025613660619
RR Bhatkal,1,0.0,0.0,0.0,0.0,0.0
RR Pant,123,0.4112559105062853,0.4201720278072346,0.47470713525026625,0.0,0.0
RR Powar,9,0.007726905777880291,0.10789049919484703,0.34895833333333337,0.05882352941176471,0.029345372460496615
RR Raje,5,0.002306539038173221,0.057971014492753624,0.3703703703703704,0.027149321266968326,0.041666666666666664
RR Rossouw,22,0.05454964825279668,0.3115942028985507,0.4911734164070613,0.0,0.0
RR Sarwan,4,0.008418867489332257,0.2644927536231884,0.31196581196581197,0.0,0.0
RS Bopara,22,0.06123861146349902,0.349802371541502,0.3782051282051282,0.0497737556561086,0.05164319248826291
RS Gavaskar,1,0.0002306539038173221,0.028985507246376812,0.08333333333333334,0.0,0.0
RS Sodhi,1,0.0004613078076346442,0.057971014492753624,0.6666666666666667,0.0,0.0
RT Ponting,9,0.010494752623688156,0.1465378421900161,0.23514211886304912,0.0,0.0
RV Gomez,9,0.0057663475954330525,0.08051529790660225,0.3144654088050315,0.022624434389140274,0.05154639175257731
RV Patel,7,0.009226156152692884,0.16563146997929606,0.3508771929824561,0.0,0.0
RV Uthappa,197,0.5713297197555068,0.36445229162068715,0.42050759697818524,0.0,0.0
Rahmanullah Gurbaz,18,0.04186368354284396,0.2922705314009662,0.42756183745583043,0.0,0.0
Ramandeep Singh,20,0.02502594856417945,0.1572463768115942,0.5093896713615024,0.027149321266968326,0.13333333333333333
Rashid Khan,66,0.06746626686656672,0.12845849802371542,0.5038759689922481,0.7149321266968326,0.04881062712388013
Rasikh Salam,6,0.004613078076346442,0.0966183574879227,0.33333333333333337,0.04524886877828055,0.04081632653061224
Ravi Bishnoi,16,0.005189712835889747,0.04076086956521739,0.22058823529411764,0.3257918552036199,0.0425280567040756
S Anirudha,12,0.0156844654595779,0.1642512077294686,0.3746556473829201,0.0,0.0
S Aravind,10,0.006804290162611002,0.0855072463768116,0.33333333333333337,0.20361990950226247,0.057106598984771564
S Badree,5,0.0014992503748125937,0.03768115942028986,0.17333333333333334,0.0497737556561086,0.04182509505703422
S Badrinath,65,0.16618613770038057,0.3212931995540691,0.38580990629183404,0.0,0.0
S Chanderpaul,3,0.0028831737977165262,0.12077294685990339,0.25252525252525254,0.0,0.0
S Dhawan,221,0.7806481374697267,0.4438979605220015,0.41151437777372485,0.01809954751131222,0.0816326530612245
S Dube,75,0.2143928035982009,0.3592270531400966,0.4536359199609566,0.022624434389140274,0.03846153846153846
S Gopal,22,0.02075885134355899,0.11857707509881422,0.3468208092485549,0.23529411764705885,0.052
S Kaul,9,0.002306539038173221,0.032206119162640906,0.1851851851851852,0.26244343891402716,0.046849757673667204
S Kaushik,1,0.0,0.0,0.0,0.027149321266968326,0.02857142857142857
S Ladda,2,0.0,0.0,0.0,0.022624434389140274,0.035460992907801414
S Lamichhane,1,0.0,0.0,0.0,0.05882352941176471,0.06161137440758294
S Nadeem,20,0.004497751124437781,0.02826086956521739,0.14772727272727273,0.2171945701357466,0.0332409972299169
S Narwal,4,0.004267097220620459,0.13405797101449277,0.4252873563218391,0.022624434389140274,0.04424778761061947
S Rana,8,0.010494752623688156,0.16485507246376813,0.36991869918699194,0.0,0.0
S Randiv,1,0.0002306539038173221,0.028985507246376812,0.16666666666666669,0.027149321266968326,0.03333333333333333
S Sohal,20,0.042440318302387266,0.26666666666666666,0.3944265809217578,0.0,0.0
S Sreesanth,12,0.003921116364894475,0.04106280193236715,0.19883040935672516,0.1809954751131222,0.04223864836325237
S Sriram,2,0.0035751355091684926,0.2246376811594203,0.2719298245614035,0.0,0.0
S Tyagi,1,0.00034598085572598315,0.043478260869565216,0.25,0.027149321266968326,0.02727272727272727
S Vidyut,8,0.016722408026755852,0.26268115942028986,0.4202898550724638,0.004524886877828055,0.07692307692307693
SA Abbott,3,0.002537192941990543,0.10628019323671498,0.40740740740740744,0.004524886877828055,0.016949152542372878
SA Asnodkar,19,0.048783300657363624,0.32265446224256294,0.4005681818181818,0.0,0.0
SA Yadav,151,0.4971744896782378,0.41376331701698815,0.48530901722391084,0.0,0.0
SB Bangar,7,0.005651020643524391,0.10144927536231885,0.28160919540229884,0.01809954751131222,0.0261437908496732
SB Dubey,11,0.016030446315303887,0.18313570487483533,0.5325670498084291,0.0,0.0
SB Jakati,5,0.0032291546534425094,0.08115942028985507,0.3111111111111111,0.21266968325791857,0.04268846503178928
SB Joshi,2,0.0006919617114519663,0.043478260869565216,0.125,0.004524886877828055,0.01818181818181818
SB Styris,10,0.015107830700034597,0.18985507246376812,0.3258706467661692,0.03619909502262444,0.036036036036036036
SB Wagh,2,0.0002306539038173221,0.014492753623188406,0.2222222222222222,0.022624434389140274,0.046296296296296294
SC Ganguly,56,0.15557605812478376,0.34912008281573503,0.3391151332327803,0.04524886877828055,0.03571428571428571
SD Chitnis,8,0.011417368238957445,0.1793478260869565,0.358695652173913,0.00904977375565611,0.052631578947368425
SD Hope,9,0.021104832199284974,0.2946859903381642,0.48800000000000004,0.0,0.0
SD Lad,1,0.0017299042786299158,0.21739130434782608,0.3846153846153846,0.0,0.0
SE Bond,1,0.00011532695190866105,0.014492753623188406,0.16666666666666669,0.04072398190045249,0.04712041884816754
SE Marsh,69,0.28704878330065736,0.5227893299726949,0.43369925074054716,0.0,0.0
SE Rutherford,20,0.04578479990773844,0.2876811594202899,0.4268817204301075,0.004524886877828055,0.021739130434782608
SH Johnson,5,0.0009226156152692884,0.02318840579710145,0.24242424242424246,0.022624434389140274,0.029069767441860465
SJ Srivastava,4,0.0005766347595433052,0.018115942028985508,0.33333333333333337,0.06334841628959277,0.04575163398692811
SK Raina,200,0.6384500057663476,0.4011594202898551,0.4417843747506185,0.11312217194570137,0.026881720430107524
SK Rasheed,5,0.008188213585514935,0.20579710144927535,0.35323383084577115,0.0,0.0
SK Trivedi,14,0.004843731980163764,0.043478260869565216,0.22950819672131148,0.29411764705882354,0.04174694926140013
SK Warne,27,0.02283473647791489,0.10628019323671498,0.3013698630136986,0.2579185520361991,0.046606704824202774
SL Malinga,20,0.010148771767962172,0.063768115942029,0.284789644012945,0.7692307692307693,0.05716207128446536
SM Curran,53,0.11498097105293507,0.2726278370248838,0.43670608848007003,0.26696832579185525,0.04510703363914373
SM Harwood,2,0.0010379425671779494,0.06521739130434782,0.21428571428571433,0.013574660633484163,0.04477611940298507
SM Katich,11,0.027793795409987315,0.31752305665349145,0.42059336823734733,0.0,0.0
SM Pollock,8,0.016953061930573176,0.266304347826087,0.4224137931034483,0.0497737556561086,0.039285714285714285
SMSM Senanayake,4,0.0011532695190866105,0.036231884057971016,0.19607843137254904,0.04072398190045249,0.046153846153846156
SN Khan,36,0.06746626686656672,0.23550724637681159,0.4276315789473684,0.0,0.0
SN Thakur,40,0.037481259370314844,0.11775362318840579,0.44581618655692734,0.4886877828054299,0.0489795918367347
SO Hetmyer,78,0.17160650444008765,0.27647714604236345,0.47876447876447875,0.0,0.0
SP Fleming,10,0.022604082574097566,0.28405797101449276,0.3820662768031189,0.0,0.0
SP Goswami,21,0.03379079690923769,0.20220841959972397,0.3181324647122693,0.0,0.0
SP Jackson,8,0.007034944066428324,0.1105072463768116,0.35672514619883045,0.0,0.0
SP Narine,118,0.2052819743974167,0.21861950380741835,0.5186480186480187,0.8687782805429864,0.04342908844152907
SPD Smith,93,0.28774074501210933,0.3888109708586567,0.41604135401033854,0.0,0.0
SR Tendulkar,78,0.2691731057548149,0.4336677814938685,0.3806262230919765,0.0,0.0
SR Watson,141,0.44746857340560486,0.39880768835440433,0.44721069617335174,0.416289592760181,0.04305100608329433
SS Cottrell,1,0.0,0.0,0.0,0.027149321266968326,0.04580152671755725
SS Iyer,131,0.430746165378849,0.41320942582144043,0.42857142857142866,0.0,0.0
SS Prabhudessai,10,0.014531195940491293,0.1826086956521739,0.37168141592920356,0.0,0.0
SS Shaikh,1,0.0006919617114519663,0.08695652173913043,0.2857142857142857,0.0,0.0
SS Tiwary,73,0.17229846615153963,0.29660512209648604,0.3857474825716499,0.0,0.0
ST Jayasuriya,30,0.08857109906585169,0.3710144927536232,0.4467713787085515,0.05882352941176471,0.043189368770764125
STR Binny,66,0.10148771767962173,0.1932367149758454,0.41904761904761906,0.0995475113122172,0.03600654664484452
SV Samson,171,0.5424979817783416,0.39867785405542844,0.45122302158273386,0.0,0.0
SW Billings,27,0.05800945681005651,0.26999463231347287,0.42021720969089393,0.0,0.0
SW Tait,5,0.002652519893899204,0.06666666666666667,0.2948717948717949,0.10407239819004525,0.04307116104868914
SZ Mulani,1,0.00011532695190866105,0.014492753623188406,0.33333333333333337,0.0,0.0
Sachin Baby,11,0.01660708107484719,0.18972332015810278,0.3902439024390244,0.00904977375565611,0.19999999999999998
Salman Butt,7,0.022258101718371583,0.3995859213250518,0.374031007751938,0.0,0.0
Sameer Rizvi,9,0.0198362357282897,0.27697262479871176,0.45502645502645506,0.0,0.0
Sandeep Sharma,26,0.006919617114519663,0.033444816053511704,0.25316455696202533,0.660633484162896,0.04608585858585858
Sanvir Singh,5,0.0028831737977165262,0.07246376811594203,0.37878787878787884,0.0,0.0
Saurav Chauhan,3,0.0020758851343558988,0.08695652173913043,0.375,0.0,0.0
Sediqullah Atal,1,0.002537192941990543,0.31884057971014496,0.45833333333333337,0.0,0.0
Shahbaz Ahmed,38,0.06285318879022027,0.2078565980167811,0.3824561403508772,0.0995475113122172,0.03636363636363636
Shahid Afridi,9,0.009341483104601546,0.13043478260869565,0.5869565217391305,0.04072398190045249,0.04864864864864865
Shakib Al Hasan,52,0.09168492676738554,0.22157190635451504,0.39849624060150385,0.28506787330316746,0.04158415841584158
Shashank Singh,33,0.089147733825395,0.339481774264383,0.5052287581699346,0.004524886877828055,0.03225806451612903
Shivam Mavi,11,0.0058816745473417135,0.06719367588932806,0.2931034482758621,0.13574660633484165,0.043668122270742356
Shivam Sharma,2,0.0005766347595433052,0.036231884057971016,0.5555555555555557,0.01809954751131222,0.03508771929824561
Shivam Singh,1,0.0002306539038173221,0.028985507246376812,0.2222222222222222,0.0,0.0
Shoaib Ahmed,3,0.00011532695190866105,0.004830917874396135,0.05555555555555555,0.022624434389140274,0.04854368932038834
Shoaib Akhtar,1,0.0002306539038173221,0.028985507246376812,0.08333333333333334,0.022624434389140274,0.10869565217391304
Shoaib Malik,5,0.005997001499250375,0.15072463768115943,0.35374149659863946,0.00904977375565611,0.034482758620689655
Shubman Gill,114,0.44585399607888365,0.4914823290109331,0.44948261830019764,0.0,0.0
Sikandar Raza,9,0.020989505247376312,0.2930756843800322,0.42424242424242425,0.013574660633484163,0.03409090909090909
Simarjeet Singh,6,0.0011532695190866105,0.024154589371980676,0.2222222222222222,0.0497737556561086,0.04296875
Sohail Tanvir,5,0.0041517702687117975,0.10434782608695653,0.38709677419354843,0.0995475113122172,0.0830188679245283
Sumit Kumar,3,0.0020758851343558988,0.08695652173913043,0.23076923076923078,0.0,0.0
Sunny Gupta,1,0.0,0.0,0.0,0.0,0.0
Sunny Singh,5,0.004959058932072425,0.12463768115942028,0.4623655913978495,0.0,0.0
Suryansh Shedge,3,0.0008072886633606274,0.03381642512077295,0.19444444444444448,0.0,0.0
Swapnil Singh,9,0.0058816745473417135,0.0821256038647343,0.3695652173913044,0.031674208144796386,0.04242424242424242
T Banton,2,0.0020758851343558988,0.13043478260869565,0.27272727272727276,0.0,0.0
T Henderson,2,0.0012685964709952715,0.07971014492753624,0.22916666666666669,0.004524886877828055,0.027777777777777776
T Kohler-Cadmore,3,0.00553569369161573,0.2318840579710145,0.2962962962962963,0.0,0.0
T Kohli,3,0.0012685964709952715,0.05314009661835749,0.18333333333333338,0.0,0.0
T Natarajan,2,0.00034598085572598315,0.021739130434782608,0.2,0.3076923076923077,0.047685834502103785
T Shamsi,1,0.0002306539038173221,0.028985507246376812,0.16666666666666669,0.013574660633484163,0.024999999999999998
T Stubbs,30,0.08199746280705801,0.34347826086956523,0.5361990950226245,0.01809954751131222,0.10810810810810809
T Taibu,3,0.0035751355091684926,0.1497584541062802,0.39743589743589747,0.0,0.0
T Thushara,4,0.0013839234229039326,0.043478260869565216,0.2105263157894737,0.03619909502262444,0.05555555555555555
TA Boult,24,0.00980279091223619,0.051328502415458936,0.3294573643410853,0.6470588235294118,0.05134649910233392
TD Paine,2,0.0011532695190866105,0.07246376811594203,0.1149425287356322,0.0,0.0
TG Southee,19,0.013839234229039326,0.09153318077803203,0.3703703703703704,0.21266968325791857,0.03724247226624405
TH David,44,0.09756660131472725,0.27865612648221344,0.5381679389312978,0.0,0.0
TK Curran,10,0.014646522892399955,0.18405797101449275,0.3919753086419753,0.05882352941176471,0.051587301587301584
TL Seifert,3,0.0029985007496251873,0.12560386473429952,0.33333333333333337,0.0,0.0
TL Suman,39,0.07796101949025487,0.25120772946859904,0.3838727995457127,0.027149321266968326,0.039473684210526314
TM Dilshan,50,0.13297197555068618,0.3342028985507246,0.3670805475963069,0.022624434389140274,0.01818181818181818
TM Head,37,0.13216468688732558,0.4488836662749706,0.5410764872521246,0.00904977375565611,0.034482758620689655
TM Srivastava,3,0.0009226156152692884,0.03864734299516908,0.24242424242424246,0.0,0.0
TR Birt,5,0.00864952139314958,0.21739130434782608,0.42372881355932207,0.0,0.0
TS Mills,5,0.0009226156152692884,0.02318840579710145,0.19047619047619047,0.0497737556561086,0.050458715596330264
TU Deshpande,8,0.0032291546534425094,0.050724637681159424,0.38888888888888895,0.23076923076923078,0.04889741131351869
Tanush Kotian,1,0.002767846845807865,0.34782608695652173,0.25,0.0,0.0
Tilak Varma,51,0.1728751009110829,0.42597328786587096,0.4588307315580044,0.0,0.0
U Kaul,1,0.0,0.0,0.0,0.0,0.0
UA Birla,1,0.0008072886633606274,0.10144927536231885,0.15555555555555556,0.0,0.0
UBT Chand,20,0.03459808557259832,0.21739130434782608,0.3184713375796179,0.0,0.0
UT Khawaja,6,0.014646522892399955,0.3067632850241546,0.4031746031746032,0.0,0.0
UT Yadav,48,0.0239880059970015,0.06280193236714976,0.3285939968404424,0.6515837104072398,0.04514106583072101
Umar Gul,4,0.004497751124437781,0.14130434782608695,0.6842105263157895,0.05429864253393665,0.0784313725490196
Umran Malik,5,0.002652519893899204,0.06666666666666667,0.4791666666666667,0.13122171945701358,0.0558766859344894
Urvil Patel,3,0.00784223272978895,0.3285024154589372,0.6666666666666667,0.0,0.0
V Kohli,259,1.0,0.48519948519948525,0.431264299214165,0.01809954751131222,0.015151515151515152
V Nigam,8,0.01637642717102987,0.2572463768115942,0.5772357723577236,0.0497737556561086,0.045081967213114756
V Pratap Singh,1,0.0,0.0,0.0,0.04524886877828055,0.04739336492890995
V Sehwag,104,0.31461192480682737,0.3801560758082497,0.4960901982178578,0.027149321266968326,0.043478260869565216
V Shankar,63,0.14219813170337908,0.2836438923395445,0.417258883248731,0.04072398190045249,0.03488372093023256
V Suryavanshi,7,0.029062391880982585,0.5217391304347826,0.6511627906976744,0.0,0.0
V Viyaskanth,1,0.0008072886633606274,0.10144927536231885,0.4666666666666667,0.004524886877828055,0.016666666666666666
VG Arora,9,0.0010379425671779494,0.014492753623188406,0.12000000000000001,0.16289592760180996,0.052173913043478265
VH Zol,2,0.0033444816053511705,0.21014492753623187,0.37179487179487186,0.0,0.0
VR Aaron,12,0.0057663475954330525,0.060386473429951695,0.22831050228310504,0.1990950226244344,0.04131455399061033
VR Iyer,56,0.16929996540191442,0.37991718426501037,0.44203553146642577,0.013574660633484163,0.03571428571428571
VRV Singh,2,0.0004613078076346442,0.028985507246376812,0.4444444444444444,0.05429864253393665,0.032345013477088944
VS Malik,2,0.0008072886633606274,0.050724637681159424,0.33333333333333337,0.027149321266968326,0.028301886792452827
VS Yeligati,1,0.0002306539038173221,0.028985507246376812,0.33333333333333337,0.0,0.0
VVS Laxman,20,0.032522200438242416,0.2043478260869565,0.34686346863468637,0.0,0.0
VY Mahesh,5,0.0017299042786299158,0.043478260869565216,0.17857142857142858,0.09502262443438915,0.05849582172701949
Vijaykumar Vyshak,4,0.0016145773267212547,0.050724637681159424,0.358974358974359,0.07692307692307693,0.04775280898876404
Virat Singh,2,0.0017299042786299158,0.10869565217391304,0.1923076923076923,0.0,0.0
Vishnu Vinod,6,0.006458309306885019,0.1352657004830918,0.3218390804597701,0.0,0.0
Vivrant Sharma,1,0.007957559681697613,1.0,0.4693877551020409,0.0,0.0
W Jaffer,8,0.014992503748125937,0.23550724637681159,0.3359173126614987,0.0,0.0
WA Mota,8,0.006458309306885019,0.10144927536231885,0.24561403508771928,0.01809954751131222,0.05333333333333333
WD Parnell,13,0.0074962518740629685,0.07246376811594203,0.25193798449612403,0.15837104072398192,0.04617414248021108
WG Jacks,19,0.053396378733710066,0.35316552250190697,0.5043572984749456,0.03619909502262444,0.05517241379310345
WP Saha,143,0.3383692769000115,0.2973548190939495,0.41300675675675674,0.0,0.0
WPUJC Vaas,11,0.009341483104601546,0.1067193675889328,0.36986301369863017,0.08144796380090498,0.0625
Washington Sundar,43,0.0589320724253258,0.1722278395685878,0.39984350547730835,0.17647058823529413,0.034482758620689655
X Thalaivan Sargunam,1,0.0011532695190866105,0.14492753623188406,0.19607843137254904,0.0,0.0
XC Bartlett,1,0.0012685964709952715,0.15942028985507248,0.24444444444444444,0.00904977375565611,0.03333333333333333
Y Gnaneswara Rao,1,0.00219121208626456,0.2753623188405797,0.35185185185185186,0.0,0.0
Y Nagar,20,0.0328681812939684,0.20652173913043478,0.3505535055350554,0.01809954751131222,0.05555555555555555
Y Prithvi Raj,1,0.0,0.0,0.0,0.004524886877828055,0.030303030303030304
Y Venugopal Rao,52,0.11359704763003113,0.2745261984392419,0.37957610789980734,0.027149321266968326,0.02702702702702703
YA Abdulla,1,0.0,0.0,0.0,0.06787330316742082,0.06756756756756757
YBK Jaiswal,66,0.24979817783415983,0.47562582345191046,0.49656121045392027,0.0,0.0
YK Pathan,153,0.3715834390497059,0.3052003410059676,0.46015424164524427,0.1900452488687783,0.03547297297297297
YS Chahal,17,0.004267097220620459,0.03154305200341006,0.13857677902621723,1.0,0.056594110115236865
YV Dhull,3,0.0018452312305385769,0.07729468599033816,0.2318840579710145,0.0,0.0
YV Takawale,10,0.02214277476646292,0.2782608695652174,0.3497267759562842,0.0,0.0
Yash Dayal,4,0.0004613078076346442,0.014492753623188406,0.14814814814814814,0.18552036199095023,0.04456521739130435
Yashpal Singh,4,0.005420366739707069,0.17028985507246377,0.23383084577114432,0.0,0.0
Younis Khan,1,0.00034598085572598315,0.043478260869565216,0.14285714285714285,0.0,0.0
Yudhvir Singh,4,0.002537192941990543,0.07971014492753624,0.45833333333333337,0.03619909502262444,0.05517241379310345
Yuvraj Singh,126,0.3176104255564525,0.3167701863354037,0.41594925237879476,0.16289592760180996,0.04081632653061224
Z Khan,27,0.013493253373313344,0.06280193236714976,0.2765957446808511,0.46153846153846156,0.04481546572934973
